,text
0,The camera on the #iPhone12ProMax is crazy good. #apple #iphone #CatsOfTwitter https://t.co/qAlJw118rQ
1,"https://t.co/zKp6Bk53pk

For Sale
278 visitors or potential customers in the Day number 7 of #December2020  
#domain #domainnames #domains #domainsforsale
#muscle #gym #fitness #workout #linux #BTC #Apple #DecemberWish #parkour #bodybuilding #nutrition #supplements
@muscles_maker https://t.co/nMAmRzZTED"
2,"DalÅ¡Ã­ kousek do sbÃ­rky z #coolcase ğŸ’œğŸ’ğŸŒ·ğŸŒºğŸ¥€ğŸŒ¹ğŸŒ¸

#iphone11 
#newiphonecase 
#purpleiphone11 
#appleiphone 
#apple 
#coolcaseiphone 
#iphoneflowercase @ Hrusovany nad Jevisovkou https://t.co/xH1cuuw1rF"
3,"#ì• í”Œ ë¸Œëœë“œìœ„í¬ ì‹œì‘!!

/í• ì¸ìœ¨/ì„ í™•ì¸í•´ë³´ì„¸ìš” â­ï¸â­ï¸â­ï¸

ğŸš© https://t.co/dKRgc2GyIZ ğŸš€

#Apple ë² ìŠ¤íŠ¸ ì œí’ˆì„

ì €ë ´í•œ ê°€ê²©ì— í•œìë¦¬ì—ì„œ!!

* ëª¨ë“  ì œí’ˆì€ ì• í”Œì½”ë¦¬ì•„ ì¸ì¦ ì •í’ˆì…ë‹ˆë‹¤.

ì• í”Œ ê³µì¸ ì„œë¹„ìŠ¤ì„¼í„°ë¥¼ í†µí•´ A/Së¥¼ ì´ìš©í•  ìˆ˜ ìˆìŠµë‹ˆë‹¤. https://t.co/2UBnx3W4f1"
4,"#ì• í”Œ ë¸Œëœë“œìœ„í¬ ì‹œì‘!!

/í• ì¸ìœ¨/ì„ í™•ì¸í•´ë³´ì„¸ìš” â­ï¸â­ï¸â­ï¸

ğŸš© https://t.co/to9CgjdCtg ğŸš€

#Apple ë² ìŠ¤íŠ¸ ì œí’ˆì„

ì €ë ´í•œ ê°€ê²©ì— í•œìë¦¬ì—ì„œ!!

* ëª¨ë“  ì œí’ˆì€ ì• í”Œì½”ë¦¬ì•„ ì¸ì¦ ì •í’ˆì…ë‹ˆë‹¤.

ì• í”Œ ê³µì¸ ì„œë¹„ìŠ¤ì„¼í„°ë¥¼ í†µí•´ A/Së¥¼ ì´ìš©í•  ìˆ˜ ìˆìŠµë‹ˆë‹¤. https://t.co/KPaFsKjvHZ"
5,Sooooo loving my iPhone 12 pro max so far love the blue canâ€™t wait for my MagSafe charger and case to come #apple #iPhone12ProMax #MagSafe #ios
6,"Really?! #Mac with 32 CPU cores and 128 GPU cores in 2021?

https://t.co/YCsiJmUE80

#Apple #m1 #CPU #GPU #AppleM1"
7,California's COVID-19 exposure notification app starts rolling out https://t.co/8UsXugsGJZ #coronavirus #california #covid19 #google #apple
8,"Scribblings &amp; Bibblings: 

Magic Apple Tree 

https://t.co/xiR2nzwTnS 

#mother #daughter #apple #WritingCommunity #blogging #poem #story #magic #writing https://t.co/cO4UkYh56T"
9,Stacks of blocks #buildings #downtownsingapore #Apple #iPhoneXR #TeamiPhone #ShotOniPhone #HDR #SmartHDR #HDRPhotography @ Tanjong Pagar https://t.co/oGesjMidT6
10,#Top5: Las empresas chinas estÃ¡n acaparando mercado y hacen sobra a #Samsung y #Apple en la venta de #smartphones en el mundo. https://t.co/KZIIJOvOKD
11,"Ø§Ù„Ø¹Ù…Ù„ Ø¹Ù„Ù‰ Ø¨Ø±Ù†Ø§Ù…Ø¬ #chat ØŒ Ù„ØªØ·ÙˆÙŠØ± Ù…Ù‡Ø§Ø±Øª ÙÙŠ #xcode , Ù…Ø¹ ØªØ¹Ù„Ù… #pod Ø®Ø§Øµ ÙÙŠ #Messagekit , ÙˆØªØ¹Ù„Ù… #firebase .
#iOSDev #iOS14 #Apple #Swift #developer #programmer https://t.co/XODbjCbxzc"
12,ï£¿ #Apple #AppleMusic #Google  https://t.co/FY6yi6ibXT
13,DM for this price on the Apple Website! #apple #mac https://t.co/f9UmL7nTRj
14,â€œT-shapedâ€ morning sky in urban jungle #housingblocks #Tuesdaymorning #Apple #iPhoneXR #TeamiPhone #ShotOniPhone #HDR #SmartHDR #HDRPhotography @ Tanjong Pagar https://t.co/kE2MWJmHFI
15,"Daily Crunch: #Google smart speakers add #Apple #Music support https://t.co/wzihkxr16L
#Google #Hardware https://t.co/NmtDMYuRlp"
16,Rumor: iPhones de 2021 poderÃ£o ter tela sempre ativa com nova tecnologia que poupa energia: https://t.co/xXBLuYsfuW #Apple #iPhone #iPhone2021 #iPhone12S #iPhone13
17,Alguien que venda unos aipords modelo anterior nuevos?? #Apple #Airpods
18,"... SO WHEN DO WE CELEBRATE IN NSW!? ARE WE DOOMED TO CONTINUE 2020!?

#Apple #Purgatory #SaveMeDoctorWho https://t.co/WrZqDJzEyH"
19,"2020 27"" 3.8GHz 5K #Apple #iMac for $2199 at #Adorama, $100 off. Free ship. https://t.co/UpULcxfRme"
20,"Seconda serie di #djset #mix con le #novita da #amsterdam #ade #condividi #share con #amici #friends

ğŸŒ https://t.co/z4L1HuMtk7

#blog #apple #ipad #iphone #ios #mac

#music #anni80 #disco #funk #house #techno #deep
#anni90 #underground #ricordi

for #fitness #running #workout https://t.co/6DK0EQQkoe"
21,"iMacã¨è¦ªå’Œæ€§ã®é«˜ã„ãƒ‡ã‚¶ã‚¤ãƒ³ãŒé­…åŠ›ã®ãƒ¯ã‚¤ãƒ¤ãƒ¬ã‚¹ã‚­ãƒ¼ãƒœãƒ¼ãƒ‰ã¨ãƒã‚¦ã‚¹ã®ã‚»ãƒƒãƒˆã€‚
æ±ç”¨æ€§ãŒé«˜ãã€ãƒªãƒ¼ã‚ºãƒŠãƒ–ãƒ«ã§ã‚‚ã‚ã‚Šã€è·å ´ã¨è‡ªå®…ã§ãã‚ãˆã¦ä½¿ã†ã®ã‚‚ä¾¿åˆ©ã€‚
https://t.co/iEoFZN7i3s
#apple
#iMac"
22,"He conocido el lado oscuro de #Apple, reclamar la falta de factura es el trÃ¡mite mÃ¡s complejo que jamÃ¡s me ha tocado hacer... y despuÃ©s de 7 dÃ­as sigo en el intento ğŸ˜¡ğŸ¤¬"
23,"@bookpreneur ROBERT K. ROWELL
Multi-Genre Indie Author/Artist
https://t.co/I78JvccDIc
Click here!^ 
Scroll to bottom of page and peruse!

#IARTG 
ALSO AVAILABLE AT
#Apple #iTunes #BarnesAndNoble 
#Rakuten #Kobo 
AVAILABLE NOW!
GET YOURS TODAY!
Thank you...
I hope you like themâ€¦ https://t.co/p5OqnsFr73"
24,"Head over to your favorite streaming platform to listen to the latest episode ""Breaking Bad Habits.""
https://t.co/zRoQt0BwzQ
#thepodcastcassiesworld #podcast #apple #spotify #iheartradio #amazon #dopeblkpods https://t.co/75ylh8QFoo"
25,https://t.co/FxdTcYajI2 #ios #apple #airpodspro
26,"08122020 Early bird catches the worm, early snail makes the way (albeit very slowly and steadily) ! ğŸŒ ğŸŒ ğŸŒ #Apple #iPhoneXR #TeamiPhone #ShotOniPhone #HDR #SmartHDR #HDRPhotography @ The Pinnacle@Duxton https://t.co/iWjsLmmWVn"
27,Apple preps next Mac chips with aim to outclass top-end PCs #edtech #edtechchat #ADE #Apple #AppleEDUchat  https://t.co/rft1L7tkw3
28,"Temos 4 dias para apoiar! Vamos lÃ¡!

FaÃ§o anos mas o presente Ã© para a Focinhos &amp; Bigodes https://t.co/lvXwV833jc 

#causas #apoio #crowdfunding #animais #animals #Ronaldo #Apple #qatar #portugal #lisboa #ernesto #sopeirasdotwitter #Marcelo #Marisa #Miguel #caes #dogs"
29,#android #Samsung #Apple MCDODO Apple Lightning Cable And Micro USB Data Cable And Type-CC Fast Charging Cable https://t.co/9RB1VS3I0l
30,#Apple #Siri #Iris #AllSeeingEye #FullDisclosure #MasonicDesign #conspiracytheories https://t.co/TpgvGv8YEs
31,"Pez Outlaw, ""Life Does Not Have To Be Real, Just Plausible.
Could Life Possibly Get Weirder?"" #Apple #Disney #Amazon #Netflix: The Pez Outlaw, PR Department #Disney #Netflix #Am... https://t.co/q51LUavcmL"
32,"My #Mac Pro #Northbridge heatsink rivet broke (common issue with Mac Pros) - chip was overheating. After trying lots of junk online, I found this high quality kit. Fits &amp; works perfectly - included everything needed to fix my Mac Pros. https://t.co/DAdZx1RuvI #MacPro #Apple"
33,"@technology Heard they were going to leverage #ARM architecture for their M1 processors. Last I checked, #NVIDIA owns ARM, so.... hmm.

Still doesn't mean upcoming #Apple #dGPU tech could overthrow either #AMD RX or Nvidia RTX setups even by the next-generation of them."
34,TecnologÃ­a: Encuentran un prototipo transparente de la Macintosh de Apple - https://t.co/xitZDb2Lz3 https://t.co/1abqaUNb1n #Apple #computadoras #pc https://t.co/yjMbYG2siM
35,"Pez Outlaw, You Crazy Bastard, I will never forget you.: We Dream Of More #Netflix #Apple #Amazon #Disney https://t.co/xtabQ4pS64"
36,"@AppleRTweet @shahed Will #Apple pay for the thousands of #COVID19 dead that their support of #Trump created?

#BoycottApple

https://t.co/1xan9IoKfR"
37,"Check out my podcast, Tech Vein, on Apple Podcasts! Latest episode talks about the latest generation of Macs and much more! #podcast #Apple #Proposition24 #virginhyperloop https://t.co/lEtQZBASTU"
38,"We believe that one of our missions is to promote R&amp;D related to computer science and economics.

#Microsoft #Linux #Apple #Cybersecurity"
39,This should speed up the creative process ğŸ˜‰ #macmini2020 #macmini #macminim1 #apple #macintosh #applesilicon https://t.co/axI3rszVSn
40,"Pez Outlaw, People are different n each should be able to walk out of the movie with an aspect that touched them personally.
Of course show n run with the Crazy, that's where the fun of it comes in.: We Dream Of More #Netflix #Apple #Amazon #Disney https://t.co/xtabQ4pS64"
41,"That moment of watching the Pez Outlaw Movie being made is the Money Shot, it is the victory of Middle America n everything that they believe. : We Dream Of More #Netflix #Apple #Amazon #Disney https://t.co/xtabQ4pS64"
42,"@shahed #Apple's support of #Trump makes we think:

#BoycotApple"
43,"I think a great opening shot for a movie would be an OLD Pez Outlaw in a dark corner of the movie set watching his movie being made, reflecting on the life that led him to that moment. : We Dream Of More #Netflix #Apple #Amazon #Disney https://t.co/xtabQ4pS64"
44,"Thank you so much 
Only rock radio ğŸŒğŸŒğŸŒğŸŒğŸŒ
playing 
Shine On/Jam-Tako #New
https://t.co/3b5wwEE4W9

https://t.co/LpCDtPcCxv 
Appreciate @Only_rock_radio !!!
12/8/20
#Spotify #Apple
#BestBand2020TCIndieAwards 
#NomineeBand2021TCIndieAwards
#LGTWO #rtArtBoos #MuseBoost #wfmRT"
45,"Thank you so much 
Only rock radio ğŸŒğŸŒğŸŒğŸŒğŸŒ
playing 
Shine On/Jam-Tako #New
https://t.co/3b5wwEE4W9

https://t.co/LpCDtPcCxv 
Appreciate @Only_rock_radio !!!
12/8/20
#Spotify #Apple
#BestBand2020TCIndieAwards 
#NomineeBand2021TCIndieAwards
#LGTWO #rtArtBoos #MuseBoost #wfmRT https://t.co/ASbTVTOFAK"
46,"Pez Outlaw, The Movie itself if there was one would be a victory for every person who gets up each day n just keeps on fighting for something better.: We Dream Of More #Netflix #Apple #Amazon #Disney https://t.co/xtabQ4pS64"
47,#Apple #ASi
48,why am i not getting notified that iâ€™ve gotten text but they already been read .. wtf ğŸ™„ğŸ¥´ğŸ¤¯ #apple #iphone
49,"Pez Outlaw, ""That spirit to fight on is your spirit, you don't give up, you keep fighting.
There will be plenty of time to rest when we're dead."" #Apple #Disney #Amazon #Netflix: We Dream Of More #Netflix #Apple #Amazon #Disney https://t.co/xtabQ4pS64"
50,A Terrible Year For #Intel Just Got Worse: #Apple Plans Powerful Next-Gen Custom Chips . https://t.co/PdgsFaWufp
51,"iPadã‹ãƒãƒ¼ãƒˆPCã§è²·ã†ã‹æ‚©ã¾ã‚Œã¦ã„ã‚‹ã¯ã”å‚è€ƒã«
#mac #apple
iPadã¨Macbookï¼ˆãƒãƒ¼ãƒˆãƒ‘ã‚½ã‚³ãƒ³ï¼‰ï½œJDæ…ä¹‹åŠ©ã®å„²ã‘ï¼Ÿè©± 
JD86925165
ï½œnoteï¼ˆãƒãƒ¼ãƒˆï¼‰ https://t.co/hkgNSBNCd2"
52,"Pez Outlaw, Everybody in Middle America knows someone close that lost there home.
I was just to stupid to let it go, which is why I'm still fighting to keep my home.: We Dream Of More #Netflix #Apple #Amazon #Disney https://t.co/xtabQ4pS64"
53,"å¥½ãå«Œã„ã¯ã‚ã‚‹ã¨æ€ã„ã¾ã™ãŒã€#Apple ã‚‰ã—ã„ã‚»ãƒ³ã‚¹ãŒç‰¹å¾´ã®CMã§ã™ã­ã€‚æ—¥æœ¬ä¼æ¥­ã® #CM (#åºƒå‘Š)ã§ã¯ã‚ã¾ã‚Šè¦‹ã‹ã‘ã¾ã›ã‚“ã€‚

miniãªå¥‡è·¡ãŒã‚„ã£ã¦ãã‚‹ â€” Apple https://t.co/4buDfJPBHJ @YouTubeã‚ˆã‚Š"
54,"Hey @Apple wtf is this new photo thing in imessage where I have to hit the x before it will send ?! Pointless extra step, please get rid of it. #apple #iphone @AppleSupport"
55,"The Pez Outlaw fall was at the same time more or less as there fall during the housing crisis.
When they were losing there homes I came within inches of losing mine. We Dream Of More #Netflix #Apple #Amazon #Disney https://t.co/xtabQ4pS64"
56,"Pez Outlaw, ""I believe people would find a hero in one of them who fought on after losing most everything, yet still refused to give up."" #Apple #Disney #Amazon #Netflix: We Dream Of More #Netflix #Apple #Amazon #Disney https://t.co/xtabQ4pS64"
57,"Pez Outlaw, ""
The rise n eventual fall of Pez Outlaw would not be disheartening if the refusal to give up or give in afterwards was also shown."" #Apple #Disney #Amazon #Netflix: We Dream Of More #Netflix #Apple #Amazon #Disney https://t.co/xtabQ4pS64"
58,"16"" 2.6GHz 6-Core #Apple #MacBook Pro for $2199 at B&amp;H, free ship. $200 off! https://t.co/NU7vEkbrwo"
59,"ğŸ’NEW installation for Note 20 Ultra is coming ğŸ’

This is way easy to install screen protector for Note 20 Ultra 
It will be ready soon :-)

SHOP : https://t.co/7Tft09zd47

#whitestone #domeglass #apple #samsung #screenprotector https://t.co/TeArhj5fqS"
60,"ãŠã¯ã‚ˆã†ã”ã–ã„ã¾ã™ğŸŒ
æœ¬æ—¥ã¯ã€åº—ä¼‘æ—¥ã®ç‚º1æ—¥ãŠä¼‘ã¿ã¨ã•ã›ã¦ã„ãŸã ãã¾ã™ã€‚
12æœˆ9æ—¥ï¼ˆæ°´æ›œæ—¥ï¼‰ã¯é€šå¸¸é€šã‚Šã®ã‚ªãƒ¼ãƒ—ãƒ³ã¨ãªã‚Šã¾ã™ã€‚
çš†æ§˜ã®ã”æ¥åº—ã€ãŠå¾…ã¡ã—ã¦ãŠã‚Šã¾ã™â—ï¸
#iPhone #Apple #Pixel #Google #è—¤æ²¢ #å¤§èˆ¹ #æ¹˜å— #å³æ—¥ #ä¿®ç† #ã‚­ãƒ£ãƒ³ãƒšãƒ¼ãƒ³ #å‰²å¼•"
61,"Pez Outlaw, A likeable Outlaw is very appealing to working middle class n poor.
Think I'm Nut's, OK why do so many TV shows have the word Outlaw in the Title?: We Dream Of More #Netflix #Apple #Amazon #Disney https://t.co/xtabQ4pS64"
62,"Pez Outlaw, ""Putting a finger in the eye of power n who doesn't like that?"" #Apple #Disney #Amazon #Netflix: We Dream Of More #Netflix #Apple #Amazon #Disney https://t.co/xtabQ4pS64"
63,"Pez Outlaw does in real life what most poor n middle class folks wish they could do. 
: We Dream Of More #Netflix #Apple #Amazon #Disney https://t.co/xtabQ4pS64"
64,Appleã‚’ãƒ‡ã‚£ã‚¹ã£ãŸSamsungã€çµå±€é›»æºã‚¢ãƒ€ãƒ—ã‚¿åŒæ¢±ã‚’å–ã‚Šã‚„ã‚ã‚‹ï¼Ÿ #iPhone #Apple #Samsung #Galaxy https://t.co/buHNS887OF
65,"Apple M1: Just coz I know, you trust the geek... it is less the chip, it is (of course) more the software! #apple #m1"
66,"Deal inNightmare2020/Jam-Tako!
Check this out please!!!
#Spotify #Apple
https://t.co/l745zixLvZ"
67,If you see my AirPods in my ears just donâ€™t talk to me #Apple #iPhone
68,"Get 10% on your new Mac purchase directly on the Apple Website, dm me for more info! #apple #macbook #macbookm1 https://t.co/eLMg97I0AP"
69,Question? Soooooo I have Apple TV Plus but I have to rent all the movies. Am I doing something wrong? @AppleTV I thought just by having a year subscription was all I needed to watch movies? #Apple
70,Appleã¯12æœˆ8æ—¥ã«ä½•ã‚’ç™ºè¡¨ã™ã‚‹ï¼Ÿã“ã‚Œã¾ã§ã®æƒ…å ±ã‚’å…ƒã«äºˆæƒ³ã—ã¦ã¿ãŸ - iPhone Mania https://t.co/BkXeUjYXps  æ±‚ã‚ãŸã‚‰ãã‚ŠãŒãªã„ã§ã™ãŒã€å¸Œæœ›ã¨ã—ã¦ã¯ #Mac Book 12ã‚¤ãƒ³ãƒ M1 ãƒ¢ãƒ‡ãƒ« ã‚’!!! #Apple
71,"Pez Outlaw, My attempt at something better for my family is the same thing you work hard for every day.: We Dream Of More #Netflix #Apple #Amazon #Disney https://t.co/xtabQ4pS64"
72,"Primeras imÃ¡genes de los #Airpods 3 #Apple 

https://t.co/0zQzs0SUW3"
73,ä¸­å›½ã§LINEã‚’ä½¿ã†å‰ã«ç¢ºèªã™ã¹ãäº‹ | æœˆé¤…VPN https://t.co/1LIl8qPzv9 #æœˆé¤…VPN #ç„¡æ–™VPN #ä¸­å›½ #ä¸Šæµ· #åŒ—äº¬ #åºƒå· #æ±è #PPTP #L2TP #OpenVPN #WIndows #Apple #Cisco #China
74,"NovÃ½ kryt a kosmonautem z #ebay ğŸ‘©â€ğŸš€ğŸ’œ

#iphone11 
#newiphonecase
#purpleiphone11 
#appleiphone 
#apple 
#ebayiphonecase @ Hrusovany nad Jevisovkou https://t.co/zeaQz6Jp0c"
75,"Pez Outlaw, We don't know shit n didn't go to Harvard or Yale, we only know hard work n dreams.: We Dream Of More #Netflix #Apple #Amazon #Disney https://t.co/xtabQ4pS64"
76,Wood #cufflinks #Magical #Apple wood cuff links rustic #wedding #gift #forhim #anniversary #boho gift https://t.co/K3QxEVTBFX via @Etsy
77,"#Apple $AAPL is setting up for a nice run! Buckle up!
https://t.co/7iRkAoSWQV"
78,Touchscreen phone #tablet PC  #gadgets #boystoys #gear #geeky #useful #edc #smartphone #travel #deals #life #deals #gifts #apple #samsung #mobile #mobilephone #android #touchscreen #photography #iphone practical &amp; reasonable prices visit r ebay store   https://t.co/eL0yvnDhkL https://t.co/IdqAdCX2CA
79,#Apple estarÃ­a trabajando en un procesador de hasta 32 nÃºcleos para #Macs de alta gama https://t.co/SYXdBN6Pwu
80,"Will Sell Out

Apple Watch Series 3 (GPS, 38mm) - Space Gray Aluminum Case with Black sport Band 

https://t.co/LOcOTi49w6

#BwcDeals #deals #dailydeals #Apple https://t.co/RelOkXX9Rn"
81,"News:

An updated #AppleTV remains set to be released in 2021 according to Bloomberg, aligning with reports from earlier in the year.

https://t.co/KrdJZkTm6P

#Apple #AppleNews https://t.co/wQgpSkWjgv"
82,"Daily Crunch: Google smart speakers add Apple Music support
#Hardware #Apple #Music #Daily #Crunch #Google
https://t.co/TQMAsKsQHt"
83,"ã€iPadåœ¨åº«ã‚ã‚Šã¾ã™â—ã€‘
ãŠæ±‚ã‚ã®æ–¹ã€æ˜¯éå½“åº—ã¾ã§ã”é€£çµ¡ä¸‹ã•ã„ï¼
iPhoneã‚·ãƒªãƒ¼ã‚ºã‚‚åœ¨åº«ã‚ã‚Šã¾ã™ï¼

#8 #12.9 #pro #X #Apple #au #æœ­å¹Œ"
84,"FRESH BLOOD? You got it! Tap the link for some grimey disgusting tunes including our single â€œpulse queenâ€ on â¦@AppleMusicâ© ğŸ·ğŸ–¤ğŸ“€ğŸ¦·ğŸ¤Ÿ

#metal #newmetal #AppleMusic #apple #trap #numetal #freshblood  https://t.co/KUa8xidJRl"
85,"#ã‚ãŠã‚„ #æµ…è‰ åº—ã§ã™

æœ¬æ—¥8æ—¥ã®ã¿
æµ…è‰åº—é™å®šä¾¡æ ¼

#ã‚·ãƒŠãƒã‚´ãƒ¼ãƒ«ãƒ‰ã€€ã€€ã€€å°ç‰â‘¤å€‹Â¥299(ç¨æŠœ)
#ã¨ã¡ã‚ã„ã‹ã€€ã€€ã€€ã€€1ãƒ‘ãƒƒã‚¯Â¥580(ç¨æŠœ)
#ãƒ–ãƒ¼ã‚±ãƒ¬ã‚¿ã‚¹ã€€ã€€ã€€1ãƒ‘ãƒƒã‚¯Â¥89(ç¨æŠœ)
#é«˜çŸ¥ãƒŸãƒãƒ©ãƒ«ãƒ¡ãƒ­ãƒ³ã€€ã€€1å€‹Â¥1900(ç¨æŠœ)

9æ™‚ã‚ˆã‚Šè²©å£²!

#å…«ç™¾å±‹ #é‡èœ #æœç‰© #ã„ã¡ã” #ãƒ¡ãƒ­ãƒ³  #apple #æ±æµ…è‰ #å—åƒä½ https://t.co/6RR7EmhAuG"
86,"So you're a little weird? Work it! A little different? OWN it! Better to be a nerd than one of the herd!
#timfranklinphotography #nasu #japan #é‚£é ˆé«˜åŸ #ç´…è‘‰ #autumnleaves #trekking #apple #myjapan #microsoft #JapanVirtualTravel #jrpass #attacktheshot #worldmastershotz #iphone12 https://t.co/LbgnKELPOx"
87,"$aapl

 #apple green today. 

it should take out 123.8 soon, has tried thrice in last 5 sessions to break out that level

$spy $spx $msft $fb $nflx $amzn https://t.co/Qet7OgStmi https://t.co/OfmapJaE4k"
88,"Useful macOS Big Sur Features You Might Not Know: macOS Big Sur has been out for about a month now, but macOS releases never get quite as much attention as iOS releases, so there may still be some features that you're not aware of. Inâ€¦ https://t.co/FZnvbAFB1l #Apple #Mac #Rumors https://t.co/RYsqJlIHnE"
89,Llego mi #applewatchseries6 Este color en el Apple Watch es genial el dÃ­a de ayer grabamos el unboxing quizÃ¡ hoy mÃ¡s tarde estÃ© disponible en el canal ğŸ˜ encantado de este Apple Watch vale la pena ğŸ¤© #watchOS #Apple #AppleWatch @KrosmosTv https://t.co/SZ6c6ZNsSU
90,"ã§ã€ä»Šæ—¥Appleã‹ã‚‰ä½•ãŒå‡ºã‚‹ã®ã‹ãªï¼Ÿ
è€³å½“ã¦æ¥ã„ï¼ğŸ§
#Apple"
91,A #patent application from #Apple published by the USPTO suggests the company may be working on a capability for its photo app to recognize people who are turned away from the camera .. also patent news from SVI and @IdemiaGroup  https://t.co/18q5BJG9Nl
92,#Apple eski telefonlarÄ±nÄ± yavaÅŸlatmÄ±yor AnasÄ±nÄ± sikiyor.
93,"ğŸ’¡å¿«é©ãªãƒ‡ã‚¹ã‚¯ç’°å¢ƒã«ã—ãŸã„æ–¹ğŸ’¡
âœ…ãƒ†ãƒ¬ãƒ¯ãƒ¼ã‚¯ã§é›†ä¸­ã§ããªã„
âœ…ä¾¿åˆ©ãªãƒ‡ã‚¹ã‚¯å‘¨ã‚Šã‚¢ã‚¤ãƒ†ãƒ ã‚’çŸ¥ã‚ŠãŸã„

ã¨ã„ã†æ–¹ã¯ãœã²ãƒã‚§ãƒƒã‚¯ã—ã¦ã¿ã¦ãã ã•ã„ã­â˜ºï¸
#ãŠå‰ã‚‰ã®pcãƒ‡ã‚¹ã‚¯å‘¨ã‚Šæ™’ã—ã¦ã„ã‘ #ã‚¬ã‚¸ã‚§ãƒƒãƒˆ #Apple #ãƒ†ãƒ¬ãƒ¯ãƒ¼ã‚¯ 
ğŸ‘‡
https://t.co/2rjZ58zIcn"
94,"Pez Outlaw, ""Pez Corporation, time is fast running out to make restitution n change the ending to this story"" #Apple #Disney #Amazon #Netflix https://t.co/I9MwsviGoq"
95,"20yrs later, I do not forgive, I do not forget, until some form of restitution is made. #Apple #Disney #Amazon #Netflix: The reasons Pez Outlaw was targeted by Pez Corpora... https://t.co/I9MwsviGoq"
96,ãƒ¤ãƒã„ï¼ã¾ã¨ã‚ã¦è²·ã†ã¨ã‚ã£ã¡ã‚ƒãŠå¾—ï¼ã—ã‹ã‚‚ãƒã‚¤ãƒ³ãƒˆï¼“ï¼–å€(â€˜âˆ€â€™â—)â™¡ï¼ƒApple AirPods Proï¼ƒã‚¤ãƒ¤ãƒ›ãƒ³https://t.co/KUB7Mmp1KJ
97,TecnologÃ­a: CÃ³mo poner arroba en tu laptop o en tu Mac - MAG. https://t.co/XZ1LAMWzVc #Laptop #Apple #Mac #Truco #Tutorial https://t.co/wBNLS1zJe3
98,Emocionat amb el nou #HomePodMini que mâ€™han regalat pel meu aniversari ğŸ˜ŠğŸ˜ŠğŸ‚ğŸ‚. #MoltesGrÃ cies #Apple ï£¿ ğŸ˜ https://t.co/CVXJqNkegg
99,Pez Corporation destroyed a client then used that clients ideas for 2 decades of profit. #Apple #Disney #Amazon #Netflix: The reasons Pez Outlaw was targeted by Pez Corpora... https://t.co/I9MwsviGoq
100,Pez Corporation manipulated the price n value of there own product to destroy a client. #Apple #Disney #Amazon #Netflix: The reasons Pez Outlaw was targeted by Pez Corpora... https://t.co/I9MwsviGoq
101,Pez Corporation initiated a smear campaign against there own product once a client bought that product. #Apple #Disney #Amazon #Netflix: The reasons Pez Outlaw was targeted by Pez Corpora... https://t.co/I9MwsviGoq
102,For #Apple TV best price and selection https://t.co/FNpFYKtZKs  #freeshipping to! https://t.co/rmfNAkwQmA
103,Pez Corporation sold then devalued there own product to destroy a client. #Apple #Disney #Amazon #Netflix: The reasons Pez Outlaw was targeted by Pez Corpora... https://t.co/I9MwsviGoq
104,Pez Corporation used there own product to destroy a client. #Apple #Disney #Amazon #Netflix: The reasons Pez Outlaw was targeted by Pez Corpora... https://t.co/I9MwsviGoq
105,All this #Apple will displace Tesla is more silly then an auto manufacturer. Apple doesn't manufacture anything. They pay other companies to build their stuff.
106,Pez Corporation used a clients ideas to destroy that clients business. #Apple #Disney #Amazon #Netflix: The reasons Pez Outlaw was targeted by Pez Corpora... https://t.co/I9MwsviGoq
107,"Pez Corporation Committed a $250,000.00 Fraud through Breach of implied Contract. #Apple #Disney #Amazon #Netflix: The reasons Pez Outlaw was targeted by Pez Corpora... https://t.co/I9MwsviGoq"
108,"Apple condamnÃ© Ã  10Â millions dâ€™euros dâ€™amende pour tromperie sur l'Ã©tanchÃ©itÃ© des iPhone ğŸ¤”
#apple #iphone https://t.co/Os5D0EQJRQ"
109,"çŸ¢æ¿é§…å‰ã®ã‚¤ãƒ«ãƒŸãƒãƒ¼ã‚·ãƒ§ãƒ³ã€‚ã¨ã£ã¦ã‚‚ãã‚Œã„ã§ãƒ­ãƒãƒ³ãƒãƒƒã‚¯â™¡
#ã‚Šã‚“ã”ã€€#ãƒªãƒ³ã‚´ã€€#æ—æªã€€#appleã€€#çŸ¢æ¿å¸‚ã€€#ã‚¢ãƒƒãƒ—ãƒ«ã‚„ã„ãŸã‚“ã€€#æ ƒæœ¨çœŒã€€#çŸ¢æ¿ã§æš®ã‚‰ãã† #ã‚¤ãƒ«ãƒŸãƒãƒ¼ã‚·ãƒ§ãƒ³ https://t.co/bYPPISJoKu"
110,"Itâ€™s finallllyyyyy here..... 
5 minutes official video dropping Monday 12/14â„¢ï¸ğŸ”¥ğŸ”¥ğŸ”¥ğŸ”¥ğŸ”¥ğŸ”¥ğŸ”¥ğŸ”¥ğŸ”¥ğŸ”¥ğŸ”¥ 

#tyahnamaray #tyahnamaraytakeover #5minutes #patience #teamtyahna #itunes #apple #tidal #spotify #viral https://t.co/M9LKDtxO19"
111,#Apple's 2021 #Mac #CPU roadmap reportedly includes 32-core chips - Engadget https://t.co/Kk9QbuMeM6 https://t.co/QejTJN6525
112,"I had the new #apple maps in Canada for a while, and then it is gone. It was good while I lasted"
113,My AirPods really be telling me how I should live my life ğŸ˜ª #Apple #Airpods #turndownforwhat https://t.co/w4CuUOby9w
114,"Address and locations of Wireless Planet iPhone Repair - Redondo Beach, CA: https://t.co/sYjc0l0HQd #Addresseek #IPhone #Ipad #IPod #Apple #Service #Repair"
115,https://t.co/MeWX43RyqY #apple #iphone #japan #shibuya #tokyo
116,"ãŠã¯ã‚Šã‚“ã”ã€œğŸğŸğŸ
ä»Šæ—¥ã¯æ™´ã‚Œãƒ€ãƒ¨ãƒ¼
#ã‚Šã‚“ã”ã€€#ãƒªãƒ³ã‚´ã€€#æ—æªã€€#appleã€€#çŸ¢æ¿å¸‚ã€€#ã‚¢ãƒƒãƒ—ãƒ«ã‚„ã„ãŸã‚“ã€€#æ ƒæœ¨çœŒã€€#çŸ¢æ¿ã§æš®ã‚‰ãã†"
117,"âš¡ï¸ iGo CD player Phone Holder âš¡ï¸
Available for pre-order now. Options as low as $24.95!
âœ… Order Product here: https://t.co/e2qdUokNAW
#gadgets #coolgadgets #easytech #simpletech #retro #android #apple https://t.co/CKrV5E0g3J"
118,"ğ‘‡â„ğ‘ğ‘¡â€™ğ‘  ğ‘¡â„ğ‘’ ğ‘Ÿğ‘–ğ‘”â„ğ‘¡ ğ‘¤ğ‘ğ‘¦ ğ‘œğ‘“ ğ‘‘ğ‘œğ‘–ğ‘›ğ‘” ğ‘ğ‘™ğ‘ğ‘ ğ‘ ğ‘’ğ‘ ..
â€¢
#raffles #rafflesmilano #picture #project #design #productdesign #interiordesign #master #milano #milan #italy #italia #tretorri #citylife #appleiphone #apple #iphone https://t.co/LFFfTctuS6"
119,"ğŸ’µğŸ’°

NEW #Apple #Airpods Pros for $199.99! 

*Under #retail, #retail $250!

after 24-48 hours, the shipping date will be updated! #Deal #ganga

 https://t.co/33ZvTqScVl https://t.co/8MzNmjsBWf"
120,La app de correo HEY ahora darÃ¡ soporte para varias cuentas https://t.co/jx0CjE6ltN via @josmamu #Apple #ios https://t.co/jkOTJOyxQ1
121,Amazonå‡ºå“ä¸­ã€‚AirMac Expressãƒ™ãƒ¼ã‚¹ã‚¹ãƒ†ãƒ¼ã‚·ãƒ§ãƒ³ï¼ˆ802.11n Wi-Fiå¯¾å¿œãƒ¢ãƒ‡ãƒ«ï¼‰MC414J/A Amazonæœ€å®‰å€¤æ›´æ–°ä¸­!! é™å®š1ç‚¹ https://t.co/b4kbX4Ku93 #amazon #apple #Mac
122,"ğŸŸ¦Negro mate, este podrÃ­a ser el color de los prÃ³ximos MacBook https://t.co/39Ec6iaz6n #new #tech #apple #android #isenacode"
123,"As speculation runs wild over tomorrow's rumored product launch, highly-esteemed and respected Bloomberg journalist @MarkGurman has resurfaced his past reports about AirPods Studio.

https://t.co/D3ZnguWD6R

#Apple #AppleNews https://t.co/WdiIo4kMWN"
124,"Pez Outlaw, ""Imagine the anger of a large International Corporation like Pez that realizes this lawless upstart Pez Outlaw is putting on a bigger n more exciting show with there product than they are."" #Apple #Disney #Amazon #Netflix:  https://t.co/I9MwsviGoq"
125,"New 12"" 1TB WiFi+Cell  #Apple #iPad Pros for $1499 at B&amp;H, $150 off. Free ship. https://t.co/Hx65swCfLZ"
126,"Pez Outlaw, ""on 2 separate occasions major cable channels contacted me when doing shows on collectibles thinking that Pez Outlaw was actually Pez Corporation"" #Apple #Disney #Amazon #Netflix: The reasons Pez Outlaw was targeted by Pez Corpora... https://t.co/I9MwsviGoq"
127,Browse &amp; make beautiful Apple Watch faces https://t.co/gTy8RyACvu #applewatch #apple #applewatchseries4 Give your ï£¿Watch a facelift :) https://t.co/8SirDVtRje
128,"Hey yâ€™all tune in for some good vibes if you havenâ€™t already and give our podcast a listen. Weâ€™re funny, quirky, grown and tiiide. We love our W8iters for their love and support! Link below
#Apple
#Spotify
#Anchor
#BlackPodcast
#Blackbusinesses

https://t.co/8c81ryDibY"
129,"iPhoneã®ãƒªãƒ³ã‚´ãƒãƒ¼ã‚¯ã®ãƒ«ãƒ¼ãƒ—ãŒæ²»ã‚‰ãªã„ï¼ãƒ•ãƒªãƒ¼ã‚ºæ™‚ã®å¿œæ€¥å‡¦ç½®ãƒ»ä¿®ç†æ–¹æ³•ï¼

https://t.co/01JW4NvYsn

#iPhone #ã‚¹ãƒãƒ¼ãƒˆãƒ‰ã‚¯ã‚¿ãƒ¼ãƒ—ãƒ­ #ã‚¢ã‚¤ãƒ•ã‚©ãƒ³ #iPhoneä¿®ç† #ã‚¹ãƒãƒ› #ã‚¢ãƒƒãƒ—ãƒ« #Apple #ãƒ‹ãƒ¥ãƒ¼ã‚¹
https://t.co/xp3DvGS8zy"
130,Google adds Apple Music support to Assistant smart speakers and displays #apple #applemusic #computing #geek #google #smartspeaker #web https://t.co/oRXT9yda0C
131,"Apple iPad mini Price Tracker, real-time prices and sales #ipad #apple #ipadmini https://t.co/rJycPSz9QZ"
132,"What does the latest #ApplePatent say about the future of the #iPhoto app?

#biometrics #FacialRecognition #FaceBiometrics #Apple #AppleRumors 

https://t.co/vr1nQn2xT2 https://t.co/NA9pUsx6St"
133,"Pez Outlaw, ""Pez Corporation was. Jealous, Green with Envy &amp; there Greedy to the point of lustful."" #Apple #Disney #Amazon #Netflix: The reasons Pez Outlaw was targeted by Pez Corpora... https://t.co/I9MwsviGoq"
134,"à¸£à¸±à¸šà¹„à¸­à¹‚à¸Ÿà¸™ xs,xsmax,11 
à¸‚à¸­à¹à¸šà¸šà¸œà¹ˆà¸­à¸™à¹„à¸”à¹‰à¸™à¸°à¸„à¸° #à¹‚à¸—à¸£à¸¨à¸±à¸à¸—à¹Œà¸¡à¸·à¸­à¸ªà¸­à¸‡  #à¹‚à¸—à¸£à¸¨à¸±à¸à¸—à¹Œà¸¡à¸·à¸­2 #à¹„à¸­à¹‚à¸Ÿà¸™11 #à¹„à¸­à¹à¸à¸”à¸¡à¸·à¸­à¸ªà¸­à¸‡ #à¹„à¸­à¹‚à¸Ÿà¸™à¸¡à¸·à¸­2 #à¹„à¸­à¹à¸à¸”à¹€à¸à¸·à¹ˆà¸­à¸à¸²à¸£à¸¨à¸¶à¸à¸©à¸² #à¹„à¸­à¹‚à¸Ÿà¸™à¸£à¸²à¸„à¸²à¸–à¸¹à¸ #Apple #à¹„à¸­à¹‚à¸Ÿà¸™12"
135,"â€œIf You Are Working On Something That You Really Care About, You Donâ€™t Have To Be Pushed. The Vision Pulls You.â€ â€“ Steve Jobs #apple #success"
136,Check it OUT Do it Yourself Medicine:A Repair Manual by Sari Grove Read the First Chapter for #free  #asmsg #ian1 #iartg #spub #ibook #apple #kindle #kobo #author #spwas https://t.co/dw0TSf2myJ https://t.co/yiZ0UWpiyH
137,"#ACTIVE #USERS #NOW
https://t.co/MyY9lVJUKB
https://t.co/xIfnGZdPBw
0 content = 100s visitors 
#domain #domainnames #domains #domainsforsale
#muscle #gym #fitness #workout #linux #BTC #Apple #DecemberWish #parkour #bodybuilding #nutrition #supplements #Traffic #SEO
@muscles_maker https://t.co/NcK4V3vHlq"
138,"Pez Outlaw, ""A man on the run with a giant bulls-eye on my back. "" #Apple #Disney #Amazon #Netflix: The reasons Pez Outlaw was targeted by Pez Corpora... https://t.co/I9MwsviGoq"
139,#Apple lanza la versiÃ³n 14.2.1 del sistema operativo del #HomePod y el HomePod mini https://t.co/xiYOu20Efd
140,Tried out my new iPhone 12 Pro Max Camera tonight @visitBlackpool @TheBplTower #blackpool #tower #blackpooltower #apple #iPhone12ProMax https://t.co/VZS8Sfiuyt
141,"Pez Outlaw, ""I operated in an underground black market Pez economy for 10 years. Making me a Pez Outlaw. "" #Apple #Disney #Amazon #Netflix: The reasons Pez Outlaw was targeted by Pez Corpora... https://t.co/I9MwsviGoq"
142,"#Apple reportedly testing #intel high core count Apple Silicon chips for high-end Macs
https://t.co/O7PIdhuitr
#News #Tech"
143,"Pez Outlaw, ""Amount of money spent buying Pez worldwide, well over 2 million dollars."" #Apple #Disney #Amazon #Netflix: The reasons Pez Outlaw was targeted by Pez Corpora... https://t.co/I9MwsviGoq"
144,@zarcohpx10 este man le gano a #Apple  imagino que maÃ±ana serÃ¡ @ZARCOHPX11 y pasado maÃ±ana x12.
145,We love @Procreate for its simplicity and superpowers that gives us. Thatâ€™s why we canâ€™t to not take part in @dribbble playoff. #dribbble #procreate #icon #apple #icons #design #ui #ux #Icons #iOS14 #3D #logo #playoff https://t.co/q1h8F61dKM
146,"Pez Outlaw, ""Over 700,000 pez were hand carried by me personally between Europe and the USA Total"" #Apple #Disney #Amazon #Netflix: The reasons Pez Outlaw was targeted by Pez Corpora... https://t.co/I9MwsviGoq"
147,"Pez Outlaw, ""I smuggled roughly 1.5 million pez dispensers into the USA from Europe, Asia, Africa, Australia n Canada. "" #Apple #Disney #Amazon #Netflix: The reasons Pez Outlaw was targeted by Pez Corpora... https://t.co/I9MwsviGoq"
148,"Pez Outlaw, ""For 10 years I traveled to Europe almost every month buying Pez. 
Spending just under 1  million dollars. "" #Apple #Disney #Amazon #Netflix: The reasons Pez Outlaw was targeted by Pez Corpora... https://t.co/I9MwsviGoq"
149,"#Samsung apes #Apple, won't ship chargers and headphones with devices https://t.co/BSh0sTQD28 https://t.co/TjHsr6I6FB"
150,"Medical device company #AliveCor has levied a lawsuit against #Apple alleging that the #AppleWatch electrocardiogram (ECG) feature infringes on a trio of its patents.

 https://t.co/16Ex8HancO https://t.co/3p144MdNAW"
151,"Pez Outlaw, ""For 3 years I was the largest Pez Dealer in the world. Over an 11 year period of selling Pez I earned $4,530,899.00 in Gross Sales. "" #Apple #Disney #Amazon #Netflix: The reasons Pez Outlaw was targeted by Pez Corpora... https://t.co/I9MwsviGoq"
152,#Apple Is Working on CPUs With #32High-PerformanceCores: Report #ExtremeTech https://t.co/F55IJtAjzc
153,"Pez Outlaw, ""For approx. 3 years by default I ran Pez USA. "" #Apple #Disney #Amazon #Netflix: The reasons Pez Outlaw was targeted by Pez Corpora... https://t.co/I9MwsviGoq"
154,"Si ya es patÃ©tico defender a empresas (no importa si se trata de #Apple, #MarvelStudios, #Sony y demÃ¡s), lean este hilo para que vean por quÃ© #Cineplanet ni siquiera merece nuestra consideraciÃ³n. https://t.co/XyFP0ttMvb"
155,"ğŸ’µğŸ’°

Latest Model #Apple iPad (10.2-inch) for $299.99!

 #Deal #ganga

 https://t.co/EfKoRZeCfY https://t.co/oZ8bfK21X3"
156,"The text that reshaped @TeamCanada @SSC_PVC @Olympics @ISU_Speed history

@cdnhappygilmore recalls day in #Sochi when offered spot in 1000m to teammate @Denny_Morrison,who 2 days later won silver
@HangWithChamps drops Wed #Apple #Google #Tunein #Pandora #Spotify #Stitcher #iheart https://t.co/zflHaxlr3k"
157,Googleã€Appleã‚ãŸã‚Šã®CMã£ã¦ã€ã‚¤ãƒã‚¤ãƒä½•ã‚’è¨€ã„ãŸã„ã®ã‹ã‚ˆãåˆ†ã‹ã‚‰ã‚“ã“ã¨ãŒå¤šã„ã€€#google #apple
158,"Pez Outlaw, ""Seems like yesterday, but It's been 20yrs since I retired as President of Pez USA."" #Apple #Disney #Amazon #Netflix: The reasons Pez Outlaw was targeted by Pez Corpora... https://t.co/I9MwsviGoq"
159,"HomePod 14.2.1 Ã© disponibilizado com correÃ§Ã£o de bugs e melhorias

https://t.co/nntFtnoSS8 #Apple"
160,"Creador #cubano con especializaciÃ³n #iOS #Apple

Arriba, cariÃ±itos ğŸ‘‡ğŸ‘‡ğŸ‘‡ğŸ‘‡ğŸ‘‡ https://t.co/gxiNu9Gy3O"
161,"Â¿SabÃ­as quÃ©? â‰ï¸
Gracias a la recopilaciÃ³n de datos de los clientes, Apple personaliza sus productos y servicios a tal punto que los usuarios no pueden dejar de consumirlosğŸ“±

Visita nuestra pÃ¡gina web ğŸ‘‡
.
https://t.co/MgUi2t1jM3
.
.
.
#vision_data #bigdata #apple #sistemas https://t.co/9n58thE9g1"
162,"#Apple #AirPods for $129 at #Amazon, up to $60 off MSRP: https://t.co/0EIjE1jzZD"
163,"2020 6-Core #Apple #Mac mini for $1049 at #Amazon, $50 off. Free ship: https://t.co/C1LZ50EmpL"
164,"Pez Outlaw, ""One really big change from my 20yr Pez struggle, I really don't like to talk about anything serious anymore, especially money."" #Apple #Disney #Amazon #Netflix: The reasons Pez Outlaw was targeted by Pez Corpora... https://t.co/I9MwsviGoq"
165,"ğŸ“¢ Repara tu #iphone con el mejor servicio y componentes de la mejor calidad Â¡contÃ¡ctanos!
Sube tu ticket de soporte, dÃ©janos tus datos y los de tu telÃ©fono, dale seguimiento en lÃ­nea.
https://t.co/uYCYYMv2Pb
contacto@applicasolucioens.com
55 8218 5133
#apple #applicafix #applica https://t.co/GnidOWXK6p"
166,"Pez Outlaw, ""I've been thinking a lot lately about how much this struggle with Pez Corporation has cost me, 20yrs is a very long time."" #Apple #Disney #Amazon #Netflix: The reasons Pez Outlaw was targeted by Pez Corpora... https://t.co/I9MwsviGoq"
167,"The text that reshaped @TeamCanada @SSC_PVC @Olympics @ISU_Speed history.

@cdnhappygilmore recalls day in #Sochi when he offered spot in 1000m to teammate @Denny_Morrison, who 2 days later won silver.

Podcast drops Wed: #Apple #Google #Tunein #Pandora #Spotify #Stitcher #iheart https://t.co/T2c95Z9KBD"
168,"This could get interesting..
@apple working on its own Mac processors #tech #Apple https://t.co/dhzf8EqVTW"
169,"It's a crazy time for healthcare, but UCHealth is doing some really interesting things with #Apple and #Jamf. Check them out in this case study! https://t.co/KNxzoMA22v"
170,iOS 14.3 Beta 3 is amazing on my iPhone. Itâ€™s working brilliantly. Donâ€™t mess it up with the final release. @Apple @AppleSupport @tim_cook #apple #iOS14 #iPhone @zollotech @iDeviceHelpus
171,"ROBERT K. ROWELL
Multi-Genre Indie Author/Artist
https://t.co/I78JvccDIc
Click here!^ 
Scroll to bottom of page and peruse!

#IARTG 
ALSO AVAILABLE AT
#Apple #iTunes #BarnesAndNoble 
#Rakuten #Kobo 
AVAILABLE NOW!
GET YOURS TODAY!
Thank you...
I hope you like themâ€¦ https://t.co/ihcW2lQFtH"
172,"Apple usb kablosu mu alÄ±yoruz, ÅŸirkete ortak mÄ± giriyoruz. Kabloyu alÄ±rsam hisse de isterim #Apple"
173,"Regulatory filings, filed with Brazil's ANATEL and firstÂ spottedÂ byÂ Tecnoblog, confirms that upcoming Galaxy S21 lineup will not ship with the charger as well as headphones.. 
#Samsung #SamsungS21 #GalaxyS21 #Apple #TechVerit
crdğŸ‘‡ https://t.co/Hrj6WMqaq6"
174,"Buena tarde #AppleFans ï£¿ 
Hoy 9:00 Pm los espero hablemos del teclado de #Apple 

AsÃ­ mi escritorio.
La era PostPC de Jobs se convierte realidad.

Enlace del canal :
https://t.co/INIUvSIUui https://t.co/lMhqfzgFnV"
175,(https://t.co/RDd63UnfGt): #Apple remplace l'Ã©cran de certains iPhone 11 : Apple rÃ©pare gratuitement les iPhone 11 dont l'Ã©cran tactile ne rÃ©pond plus. Le programme concerne des modÃ¨les vendus entre novembre 2019 et mai 2020... https://t.co/rTXSKTiOPK https://t.co/6AoOOKQdMB
176,"2020 12"" #Apple #iPad Pros up to $150 off MSRP at #Amazon, free ship: https://t.co/bwub24o9eZ"
177,"#Apple : les dÃ©veloppeurs peuvent dÃ©sormais sâ€™inscrire pour bÃ©nÃ©ficier de la taxe rÃ©duite de 15%.
Elle concerne les dÃ©veloppeurs dont les revenus sont de moins dâ€™1 million de dollars par an via @Siecledigital https://t.co/gtKfwUA1b3"
178,"Visto le modalitÃ  di marketing ed i costi, #Dyson is the new #Apple."
179,#Apple Lacks A Leader | Only a real leader can elevate the value of innovation to truly benefit #Humanity.  https://t.co/7fjxg8hAs0 #DonaldTrump #Government #IPhone #Macro #SteveJobs #Technology #TimCook https://t.co/nmNBULO9Rn
180,"appleinsider: #Samsung apes #Apple, won't ship chargers and headphones with devices https://t.co/T1TPR9obUV https://t.co/ZTvSDQGoRY"
181,"Esta noche en el @ProgramaDelYuyu hemos hablado de la #vacunaRusa, de la polÃ©mica con #TheCrownNetflix y de la cara dura de #Apple con sus cargadores. Con gente tan buena como @Chariwi, #Pani, #Chano, @yuyudecai y un servidor! Disfruten! https://t.co/DrDGHI51Fd"
182,iPhone 11 case I made ğŸ¤˜ğŸ¼ #horror #iPhone12 #apple #scary #blackhousekreations #custom #art https://t.co/b2MiiaBosf
183,I just put the apples in the oven ğŸ #soexciting #apple
184,"ğŸ’¡iMacãƒ¦ãƒ¼ã‚¶ãƒ¼å¿…è¦‹ğŸ’¡

iMacä¸€ç·’ã«è²·ã£ã¦ãŠããŸã„ã‚¢ã‚¤ãƒ†ãƒ ã‚’ã¾ã¨ã‚ã¦ã¿ã¾ã—ãŸğŸ’»

çµ¶å¯¾è²·ã£ã¦ãŠããŸã„å‘¨è¾ºæ©Ÿå™¨ã‹ã‚‰
ã‚ã‚‹ã¨ä¾¿åˆ©ãªã‚¢ã‚¤ãƒ†ãƒ ã‚’ã¾ã¨ã‚ã¦ã„ã¾ã™ğŸ˜Œ

iMacãƒ¦ãƒ¼ã‚¶ãƒ¼ã¯ãƒã‚§ãƒƒã‚¯ã—ãªã„ã¨æã§ã™ã‚ˆâ—â—ï¸
â†“
https://t.co/ktjcZH9mB0
#iMac #Apple"
185,"#Samsung apes #Apple, won't ship chargers and headphones with devices https://t.co/oOOYi377dP https://t.co/NZY5pvWnAK"
186,Apple iPhone 13 with no port? #Apple #lightningport
187,"Apple AirPods Pro

https://t.co/X6OP2PLgxI

#Apple #AirpodsPro #Airpods #Headphones #BwcDeals https://t.co/3bBpcnIvXX"
188,"#Appleã€#iPhone 11ã®ã‚¿ãƒƒãƒæ“ä½œã«é–¢ã™ã‚‹ä¸å…·åˆã§ç„¡å„Ÿä¿®ç†ãƒ—ãƒ­ã‚°ãƒ©ãƒ ã‚’é–‹å§‹(Impress Watch)
#Yahooãƒ‹ãƒ¥ãƒ¼ã‚¹
https://t.co/siQrPuJ6ih"
189,"ã€å®šæœŸãƒœãƒƒãƒˆã€‘
æœ€è¿‘ã® #Apple é–¢é€£ã®ãƒ‹ãƒ¥ãƒ¼ã‚¹ã¯ã“ã¡ã‚‰ â†“â†“â†“
https://t.co/6wkLaKL799"
190,#Apple #Stock #Buy ğŸ‘ğŸ˜„ğŸ’š https://t.co/i8RKwgFP7u
191,"#Appleâ€™s M series chips are mostly meaningless outside of their own ecosystem. If you canâ€™t build a server with them and canâ€™t run Windows on them, do they even matter for the average person? With no Linux, how much do they matter even for #programmers?"
192,â˜…ç„¡æ–™ã§iphoneã®ãƒãƒƒãƒ†ãƒªãƒ¼ã‚’äº¤æ›ã™ã‚‹æ–¹æ³•â˜… - NAVER ã¾ã¨ã‚ https://t.co/iuC5HbDpxP #iphone #Apple
193,iPhone 12 Pro 14.2.1 on Verizon Signal Drop Example https://t.co/VNjGIAzlNX via @YouTube @Verizon @Apple @AppleSupport @VerizonSupport @FixMyPercentS #apple #verizon #iphone12 #iphone12pro #nosignal #signaldrop
194,"The @commons_prjct's free personal health record for #Android now supported by 230 health systems 

Called @MyCommonHealth, the platform is designed as an alternative to #Apple's #Health Records for those without an iPhone

#EHR #PHR #PatientData
https://t.co/SD5VuRfk1S"
195,"Samsung n tem vergonha na cara mesmo. Quer tanto ser iPhone que atÃ© os absurdos copia, como preÃ§os altos e falta de acessÃ³rios essenciais, como carregador e fones #Apple #Samsung #iphone12 #galaxys21

https://t.co/TjKehq8kSQ"
196,"Euer #King hat die beste Firma fÃ¼rs Gaming &amp; das zeigt unser Design auch ğŸ™ƒ Morgen zocken wir Farming Simulator 19 mit 1000 ModsğŸ¤©

#twitch #YouTube #Apple #Bitcoin #Microsoft #gaming #gamer #gamergirl #lockdown #COVID19 #Memes #luxury #usa #news #Wien #China #japan #kingdeisl https://t.co/auBxIlbCTZ"
197,What do you think would be the next #AppleSurprise coming so very soon ğŸ˜ŠğŸ˜Š #Apple @apple
198,"Do not make the same mistake as I didâ€¦ if you are planning on buying a new #M1 #Mac donâ€™t buy an 8GB modelâ€¦. I am regretting it and I might swap it with a 16GB model. I am running into high memory pressure sometimes, slowing things down. #Apple"
199,HELP! idk how to put this back on! Am I missing a piece? #apple #applesupport https://t.co/wDL0f1LGIP
200,"Ok, donc PhpStorm qui tourne mieux sur MacBook Pro M1 que sur mon MBP 15'', i7 &amp; 16Go de RAM alors que le logiciel tourne sous Rosetta 2...
On en parle ?
#apple #m1 #macbookprom1 #AppleM1"
201,@Apple @AppleSupport due a refund of Â£225 from you as you lost my iPhone. Case W794370523. Tried to chase. Nobody helps. I want my money as promised. #poorcustomerservice #apple #iPhone #AppleStore
202,"She's beautiful &amp; headstrong, &amp; turns his world upside down HIS UNEXPECTED LOVE @AnyaBSummers #CowboyRomance #FreeRead #SteamyRomance #Kindle https://t.co/dsQDzdPApU #Nook https://t.co/IO77msQb0b #Kobo https://t.co/6tyDRQDsbQ #Apple https://t.co/vgk0pGSRw5 https://t.co/olnzBkVLY9"
203,"2019 15"" 2.3GHz 8-Core #Apple #MacBook Pro, refurbished, for $2209 at Apple. $490 off! Free ship, 1-yr warranty https://t.co/QzHNWALwtf"
204,"See these eight things you should never store on your #smartphone. You may be surprised! https://t.co/iB4vHeghzq @readersdigest 

#nashville #apple #samsung #cellphonerepair #mobilerepair"
205,"#Apple's new Messages feature lets you pin 9 people to the top of the screen - and it's an iOS update that makes texting fun again 

https://t.co/HbSO7iB8e9 https://t.co/x5HUlxAgcM"
206,.#Apple offers #free #iPhone 11 repair for touch display module problem https://t.co/J9wnS1oVtz via @ZDNet &amp; @LiamT
207,"Apple 2021: we are getting rid of the charging port

Apple 2028: we are getting rid of the phone and we are going to sell you thin air, we are calling it ""apple airphone""
#Apple #iPhone13 #innovation #courage"
208,Je partageLe Point vous offre une montre connectÃ©e Apple Watch Series 3 ! #jeuconcours #apple #applewatch @LePoint https://t.co/V7uXJ84UOE
209,"Pantallas del #iPhone11 estÃ¡n siendo reemplazadas por #Apple

https://t.co/yy43dGSuay https://t.co/cjkhoBV5R2"
210,"çš†ã•ã‚“ã®å¤§å¥½ããª #æ±å¤§ ã‚‚ã“ã†è¨€ã£ã¦ã„ã‚‹ã€‚ã“ã‚Œã§ã‚‚GoToã¨é–¢ä¿‚ãŒç„¡ã„ã¨è¨€ã„åˆ‡ã‚Œã‚‹ã®ã‹ï¼Ÿ

GoToåˆ©ç”¨è€…ã¯ã€Œç™ºç—‡ã€2å€ã€€ãƒˆãƒ©ãƒ™ãƒ«ã§æ±å¤§ãƒãƒ¼ãƒ ãŒåˆèª¿æŸ» | 2020/12/7 - å…±åŒé€šä¿¡ https://t.co/SM2CsIS0mi 

#womenwhocode #AI #IoT #Linux #Microsoft #Apple 
#cybersecurity #Tsinghua #FinTech #FemTech"
211,"Latest Model #Apple iPad (10.2-inch) for $299.99!

 #Deal #ganga

 https://t.co/EfKoRZeCfY https://t.co/gxSgcvr7za"
212,"Son told me I woke up like this lol #paparazzi tellin em to pose!![+]

#PAPARAZZI OUT NOW ALL PLATFORMS 

[+].WAV COMING SOON !!!
#spotify #apple #applemusic #tidal #bayarea #loveyall @ World Wide https://t.co/gQNlyQBBeg"
213,Should the #contactless experience of #Apple Pay be available to all payment developers? Dutch regulators are investigating smartphones that only allow the developerâ€™s own payment app to connect to NFC communication hardware. https://t.co/ca0Ya2bpgy
214,"The size of the IPhone 12 Pro is perfect for my awkwardly medium hands... ğŸŒš 
#Apple #Iphone12Pro"
215,"I have said it once, would say it again; Intel is on the verge of a Nokia moment in history books of tech. 
#Apple #Intel #5G https://t.co/k2zuRTI7j9"
216,"èª•ç”Ÿæ—¥ãƒ—ãƒ¬ã‚¼ãƒ³ãƒˆã¯
Macã®ãƒ¡ãƒ¢ãƒªå¢—è¨­ã€‚

å¹´æœ«ã«8Gã‹ã‚‰32Gã«å¤‰ãˆã«ã„ãã¾ã™ã€‚
(21.5incã®iMacãªã®ã§è‡ªåˆ†ã§å¤‰ãˆã‚‰ã‚Œãªã„)

ä»Šã‹ã‚‰æ¥½ã—ã¿ã§ä»•æ–¹ãªã„ğŸ‰

#Apple 
#iMac"
217,"appleinsider: Medical device company #AliveCor has levied a lawsuit against #Apple alleging that the #AppleWatch electrocardiogram (ECG) feature infringes on a trio of its patents.

 https://t.co/vf1dWg3sNr https://t.co/02VJbxW50h"
218,"""Report: Apple working on up to 32-core CPUs, 8 or 12-core chip in 2021"" https://t.co/tXBRNkz0C2 #Mobile #Apple"
219,"Medical device company #AliveCor has levied a lawsuit against #Apple alleging that the #AppleWatch electrocardiogram (ECG) feature infringes on a trio of its patents.

 https://t.co/dVFvzNv4HI https://t.co/63QNEaSTkF"
220,59% of cell phone consumer dollars went to #Apple phones. How to other brands compare? Find out more with @TraQline https://t.co/grDadXVNXH
221,"New 12"" 512GB WiFi+Cell #Apple #iPad Pros for $1349 at #Amazon, $100 off. Free ship. https://t.co/QrbYOl55Tc"
222,#Apple #Privacy 'Nutrition Labels' Set To Take Affect On Tuesday https://t.co/rf7CZS4ub2 @lauriesullivan
223,"Regulatory Filing Confirms Samsung Will Copy Apple and Ditch Power Adapters: Shortly after the new iPhone 12 models launched without power adapters, Samsung shared an ad mocking Apple for not including a charging accessory. Thatâ€¦ https://t.co/Rn1LSCEB7Q #Apple #Mac #Rumors https://t.co/qdWbwEIqMJ"
224,"è­°é•·å›½ãŒã©ã®å›½ã§ã‚‚ã€ç¾åœ¨ã‚„ã‚‹ã¹ãã“ã¨ã¯æ±ºã¾ã£ã¦ã„ã‚‹ã€‚

G7ã€çµŒæ¸ˆä¸‹æ”¯ãˆã§å”èª¿ç¶™ç¶šç¢ºèªã€€è²¡å‹™ç›¸ä¼šè­°ã€è­°é•·å›½äº¤ä»£è¸ã¾ãˆ | 2020/12/8 - å…±åŒé€šä¿¡ https://t.co/kIAP6FfYqW 

#womenwhocode #AI #IoT #Linux #Microsoft #Apple #technology 
#cybersecurity #Tsinghua #FinTech #FemTech #womeninSTEM"
225,"Nasdaq avanza para cerrar con un rÃ©cord, porque varios de sus mayores componentes, como #Apple y #Facebook, subieron.

https://t.co/oiZJskwuWI"
226,"Trainers Management App has been developed for personal trainers to manage their daily schedule, sessions, income and clients. 
Trainer Management is now available on #AppStore and #GooglePlay for freeğŸ¤©ğŸ¤©
@LinaSera1 @Maryna_Azeez 
#Apple #iOS14 #android #softwaredevelopment https://t.co/dY3WAMtzqD"
227,"CompNow - What' New: Small Chip, Giant Leap Webinar TODAY!

Register here: https://t.co/OAHNSVVet2
Introducing the all-new 13-inch MacBook Pro, MacBook Air, and Mac mini. Now with the incredibly powerful Apple M1 chip.

#Apple #CompNow #SmallChip #GiantLeap #M1 #MacBookAir https://t.co/wfmkkKI5th"
228,"M1ã®MacBook Proè²·ã£ãŸã‘ã©ã€ç«¯å­ã¤ãªã„ã§ã¦ã‚‚ç”»é¢å‡ºåŠ›ã•ã‚Œãªã‹ã£ãŸã‚Šã€å……é›»ã•ã‚Œã¦ãªã‹ã£ãŸã‚Šã™ã‚‹ã‚“ã ã‘ã©å¤§ä¸ˆå¤«ã ã‚ã†ã‹ï¼Ÿ
ãã‚Œä»¥å¤–ã¯ã€ãƒ‘ãƒ¯ãƒ¼ã‚‚ã‚ã£ã¦ç‰¹ã«ä»Šã®ã¨ã“ã‚ä¸å…·åˆã¯ãªã„ã‹ã‚‰æº€è¶³ï¼ï¼

#apple"
229,"#Apple $AAPL Has A Neutral #Fundamental Analysis Score (FA Score). Check various FA Indicators' value, score, 5-year chart like P/E, P/B, P/S, D/E, ROE, ROA, ROIC, Gross Margin, EBITDA, etc #stocks #stock #StockMarket #Investment #investing https://t.co/B7BWRcVOEf https://t.co/pslfH0iiOU"
230,I just joined #Apple Podcasts just so I could listen to founder @craignewmark of #Craigslist and the origin story. https://t.co/vJkqieZanS
231,"#foxconn #techgiant #ransomware #CristianoRonaldo #apple #whatsapp #Manchester #ManchesterUnited #cybersec #Cyberpunk2077 #cybersecurity #infosec #privacy #IoT 
https://t.co/8LwDzx3JT8"
232,"Da oggi il servizio ""Apple Music"" Ã¨ ufficialmente disponibile sugli speaker smart ""Google Assistant"".

#Apple #AppleMusic #SpeakerSmart #GoogleAssistant #AppleBlog #AppleNews"
233,@demircanhamza99 @ABuschmeier Exactly - #Intel versus M1 (M2 etc ) &lt;-Quantensprung #Apple
234,"ğŸš¨Twitteré™å®šä¾¡æ ¼

12æœˆã‚‚ã„ãã¾ã—ã‚‡ã†ğŸ„
ã€å–ç½®ã‚ªã‚¹ã‚¹ãƒ¡ã€‘

ğŸŸª#UQãƒ¢ãƒã‚¤ãƒ«
ğŸŸª#Apple
ğŸŸª#iPhoneSE

#MNP
#æ–°è¦

#æœ€å¤§å€¤å¼•ä¸­
â”— https://t.co/Fad0FZkKjv

åˆ†å‰²ã‚‚OKã§ã™ğŸ˜ƒ
ãŠæ°—è»½ã«ãŠå•ã„åˆã‚ã›ãã ã•ã„

#ãƒ¢ãƒãƒ¯ãƒ³
#å¿—æœ¨ æ–°åº§åº—
#UQ
#UQmobile
#æ± è¢‹
#æˆå¢—
#æœéœå°
#å’Œå…‰
#æ±æ­¦æ±ä¸Šç·š"
235,"Well crap, Maxâ€™s iPad is not updating &amp; throwing an error. Ugh... #Apple #iPad #Error9 #WTF #NotHappy"
236,"Oggi Apple ha rilasciato nuovamente iOS 14.2.1 per HomePod e HomePod Mini.

#Apple #iOS #iOS14 #HomePod #HomePodMini #AppleBlog #AppleNews"
237,"#apple #arcade oyunu Ã¶neriniz var mÄ±?
Apple One paketine geÃ§iÅŸ yaptÄ±m hiÃ§ olmazsa bir iki oyun oynayayÄ±m da kullanmadÄ±m demem ğŸ™‚"
238,Check out ERASE INVADERS! Not your average retro-inspired game. Let the chaos begin! https://t.co/c5QOqo1bEb #indiegame #gamedev #indiedev #pixelart #pixel #indievideogames #ios #indiegames #videogames #apple #ios #indiegamedev 50
239,Power of Iphone #originaliphone #apple https://t.co/8nevAeqHjk
240,"If you need your #Soundcloud, #Spotify, #youtubeChannel or #video promotion Please Knock my https://t.co/BMaVQpQPVi #phoebe #Owen #Ireland #JesusChrist #TomWaits #Paris #Photoshop #McRib 
#JillBiden #METOO #Trumps #Apple #Clifford #Egypt 
#Japan #Cyberpunk2077 #Bitcoin #Karl https://t.co/MLKOI05lC9"
241,"The #DrGreenthumbPodcast Mon-Fri 2pm pst on

https://t.co/tB9wsjUQME
&amp;
https://t.co/QvUqaAzBGn

#brealtv #puffpuffpass #smokeweedeveryday #cannabiscommunity #goodtimes #twitch #youtube #facebook #podcast #Podcasts #apple #spotify"
242,"#plutotv #data #dataleak #datasold #darkweb #CristianoRonaldo #Apple #Messi #whatsapp #cybersec #infosec #cybersecurity #privacy
https://t.co/VyHuckrm3w"
243,"ğŸ’µğŸ’°

NEW #Apple #Airpods Pros for $199.99! 

*Under #retail, #retail $250!

after 24-48 hours, the shipping date will be updated! #Deal #ganga

 https://t.co/33ZvTqScVl https://t.co/UfaVsC24nY"
244,"RTpse #GreatRead The Shepherd Leader: Effective Pastoral Leadership Wisdom in Shepherding God's People https://t.co/5v7sitnMIC
https://t.co/fqDZtIjXKl https://t.co/6fbNZpPNUs https://t.co/HYDlV4Cy4P https://t.co/9s1yTFgGt6 #Apple #Nook #Kobo #Amazon https://t.co/BxU95IKlRi"
245,RTpse #GreatRead The Shepherd Leader: Effective Pastoral Leadership Wisdom in Shepherding God's People https://t.co/5v7sitnMIC https://t.co/fqDZtIjXKl https://t.co/6fbNZpPNUs https://t.co/HYDlV4Cy4P https://t.co/9s1yTFgGt6 #Apple #Nook #Kobo #Amazon https://t.co/8T8hJoQQpX
246,"""#Apple reportedly testing #Intel-beating high core count #AppleSilicon #chips for high-end #Macs: the new chips include designs that have 16 power cores and four high-efficiency cores, intended for future #iMacs and more powerful #MacBookPro models."" https://t.co/Kxd4EJMSpf"
247,"Apple MagSafe Duo is now shipping, even-though itâ€™s super portable &amp; convenient I think itâ€™s a bit expensive at $169 CAD! ğŸ¤¯ Do you think itâ€™s a cop or drop?

Watch my full review and unboxing here: https://t.co/NzuSheaLe6

#MagSafeDuo #Apple #MagSafe #MagSafeCharger https://t.co/NW2DRwKcFZ"
248,"ğŸ§Â¿Ya lo viste? Ahora lo puedes escuchar en #ApplePodcast 

ğŸ“â€œCada vez mÃ¡s las encuestas influyen menos en la gente por lo desacreditadas que estÃ¡nâ€.

Editorial por @CarlosVerareal ğŸ‘‡

https://t.co/m8HrQpqM78

#Editorial #Podcast #Opinion #CarlosVera #Cedatos #Apple #Itunes https://t.co/fgNXr5Ojhr"
249,"https://t.co/JlECH8x4ve

#anchorfm #podcast #SENSUALITY #subscribe #models #dancechoreographer #Dance #MentalHealth #music #fashion #Spotify #Apple #applepodcast"
250,Thatâ€™s why I dumped #Samsung always copying #Apple but claiming they donâ€™t. https://t.co/9mBCw0hl5f
251,Top 5 Favorite Dividend Growth Stocks I'm Buying Now for 2021 and Beyond... https://t.co/RTbgjoKUnu via @YouTube #StockMarket #stocks #StocksToWatch #dividends #DGI #DGIF #dividendgrowthinvesting #investing #stocksimbuying #investment #AAPL #apple #technicals #fundamentals
252,"In the latest Xojo blog post, CEO Geoff Perlman talks about why building apps for macOS requires a Mac

https://t.co/Dy9Ul5ED1e
#Apple #Mac #Silicon  #crossplatform"
253,#UndergroundVillenz every Monday 7pm-8pm est. on @dtfradio hosted by @blu_diaz x @prissyisthename x @hot16zdvd &amp; @frosslyfe_promotions [Download the free #DTFRadioApp on #Apple or the #GooglePlay Store] Now Streaming Live on the @DTFRadio @TuneIn &amp; #Radio.Net (Germany) APP #HipHo https://t.co/BUxNboQgcU
254,"https://t.co/YrCxGtHRmJ

#domain #domainnames #domains #domainsforsale
#muscle #gym #fitness #workout #linux #BTC
#Apple #DecemberWish #parkour #bodybuilding #nutrition #supplements #traffic #health #weightloss #wellness #exercise #healthylifestyle #fitfam #healthy #HealthyEating https://t.co/DQQXmEkcOw"
255,"LCC alumni and parents: A reminder that the next event in our ""Ask An Alum"" Speakers' Series takes place tomorrow!

Jeffrey Bernstein '96, Design Director at #Apple Inc.
Design + Technology = The Future
Tuesday, December 8
12 pm - 1 pm

Contact: alumni@lcc.ca

#LCCMTL #LCCAlumni https://t.co/SrMIXLRCT5"
256,Browse &amp; make beautiful Apple Watch faces https://t.co/gTy8RyACvu #applewatch #apple #applewatchseries4 Give your ï£¿Watch a facelift :) https://t.co/1VHikEecEl
257,"#12æœˆ8æ—¥ ã« #Apple ã‹ã‚‰æ–°ãƒ‡ãƒã‚¤ã‚¹ãŒç™ºè¡¨ã•ã‚Œã‚‹ï¼Ÿã€œã€Œ #AppleCare ã€é–¢é€£ã®å¤‰æ›´ã«ä¼´ã£ã¦ã¦ã‚“ã€œ #AirPodsStudio #AirTag
12æœˆ8æ—¥ã«Appleã‹ã‚‰æ–°ãƒ‡ãƒã‚¤ã‚¹ãŒç™ºè¡¨ã•ã‚Œã‚‹ï¼Ÿã€œã€ŒAppleCareã€é–¢é€£ã®å¤‰æ›´ã«ä¼´ã£ã¦â€¦ã€œ - ã‚«ã‚¹ã‚¿ãƒ /CUSTOM/ã§ã„ã“ã†ğŸ˜
https://t.co/8o9eiaTIOX"
258,Check it OUT Birds on a Wire by Ellen Plotkin Mulholland Read the First Chapter for #free  #asmsg #ian1 #iartg #spub #ibook #apple #kindle #kobo #author #spwas https://t.co/Dki6WSHxeQ https://t.co/5wWtM0N2GQ
259,https://t.co/pLg2IiNC67 From @iMore #Tech #Apple #iOS #Mac https://t.co/dHF6e96RJ4
260,"Way too powerful!
#apple
https://t.co/w31Lcfr3lT"
261,This handy site tells you if specific apps work on Apple Silicon yet @thenextweb https://t.co/EIxkXLaUFq #Apple #AppleSilicon #AppleSiliconM1 #iOSApps #iOS #Apps #MobileApps
262,"Reducing #apple #scab and #urea application ... 

| #fungi | #disease | #fungus | #Venturia | #Applescab | Via @GreaterKashmir

https://t.co/xXAkfhaxJe"
263,"Happy birthday to Tom Waits. 71! #tomwaits 
 @Procreate  @procreateapp  #illustration #ilustraciÃ³n #painting #digitalart #pixelart #digitalpainting #portrait #retrato #apple #ipadpro https://t.co/DauV2ThgNw"
264,I wish we could leave FaceTime voicemails.#apple
265,"Apple Co-Founder Sets Foot into Blockchain Market with New Ethereum Token

https://t.co/XCA1RFFYY7  

#apple #crypto #ethereum $WOZX @HBTCOfficial"
266,#SteveJobs #Daughter #Eve Is Now a #Glossier #Model #Apple  https://t.co/blh5VuJEBo
267,Huaweiã€æ­¦æ¼¢ã«åŒç¤¾åˆã®ä¸­å›½å›½å†…ãƒãƒƒãƒ—ç”Ÿç”£å·¥å ´ã‚’å®Œæˆ #iPhone #Apple #ä¸­å›½ #Huawei https://t.co/uM7DEEH14a
268,"â™¢â™¦ï¸ç±³ğŸ‡ºğŸ‡¸ã‚¢ãƒƒãƒ—ãƒ«
ã€æ–°ãƒãƒƒãƒ—ã§ã‚¤ãƒ³ãƒ†ãƒ«è¶…ãˆã‹â—ï¸ã€

#ã‚¢ãƒªã‚¹ #ãƒ¢ãƒ¼ã‚µãƒ†
#ã‚¢ãƒƒãƒ—ãƒ« ï¼ƒApple #ãƒãƒƒã‚¯ https://t.co/XgaDAluXAT"
269,"Night, ""Hipnotic Night""...
Check out, and choose your favorite service - welcome ğŸ¹â–¶ï¸âœ…
PEACE
TIMH â˜®ï¸ğŸ•Šï¸
#Music #Piano #Classical #Electronica #Aggressive #Orchestral #Synth #Film #Relaxation #dnb #LGTWO #BlackettMusic #OpenWorld #rtArtBoost #Spotify #Apple
https://t.co/kCmtEnzChO"
270,"ãƒ›ãƒ†ãƒ«ã‚·ãƒƒãƒ—ã‚¹ã«ã¯å…¬å¼ã‚¢ãƒ—ãƒªãŒã”ã–ã„ã¾ã™ã€‚

https://t.co/HNEvKnWBxA

#ã‚¢ãƒ—ãƒª #app #iOS #iPhone #apple #android #GooglePlay #PlayStore"
271,"Not a fan of #Apple removing the brick, too soon imo, but we all foresaw Android OEMs following the move, looks like  #Samsung might be the first, after making fun of the move by Apple ğŸ¤¦ğŸ¾â€â™‚ï¸ never fails https://t.co/Xz1dODfwnJ"
272,"Are you looking for a new accessory for your phone? We have for samsung S series for you! Buy it here https://t.co/4Zme9kjoII 

#phonecases #SmartDevice #bluetooth #sale #screenprotectors #popsocket #Android #Apple #Airpods https://t.co/Flhwadm1NL"
273,"After Midnight (Remastered)

#Relaxation #Emotional #Lounge #Downtempo #Jazzy #Night #Air #Chillout #Electronica 

Spotify https://t.co/dI59xu8MaW

Apple https://t.co/lIVQMBzLYh

Others https://t.co/UYIZedMYqP

#BlackettMusic #Spotify #Apple #Deezer #Bandcamp #iTunes #Listige"
274,"#ITUNES / #APPLE PEOPLE

LIKE TO BE SCARED?
IF YOU CONFIRM THAT, CHECK OUT AND TAKE WITH YOU THIS TRACK FOR THIS WEEKEND ğŸ˜ˆ

PEACE (AS ALWAYS)
TIMH

#MUSIC #DARK #DARKWAVE #LOUNGE #DOWNTEMPO #SCARY #MULTILAYER #PIANO #GHOST #ELECTRONICA #BLACKETTMUSIC
https://t.co/wE3PWWr31e"
275,"$AAPL #Apple #Options #maxpain Chart, Open Interest Chart Update #OptionsTrading #OptionsFlow #optionstrade #optiontrading #stocks #stock #StockMarket #Investment #investing #invest #investor #investors #UOA https://t.co/Gr3YvQQ4OY https://t.co/tLJIgLku2r"
276,"#ITUNES / #APPLE PEOPLE

""CDN"" 2019 REMASTERED AVAILABLE
YOU ARE VERY WELCOMED
IT'S A BLEND OF #CHILLOUT #LOUNGE #DOWNTEMPO  #AMBIENT #ILLUSTRATIVE #RELAXING #PEACEFUL #EMOTIONAL (A LITTLE) #FILM #ELECTRONIC #MUSIC
https://t.co/4nm3bsIvvP
PEACE
TIMH
#LGTWO #BlackettMusic #rtitBot"
277,"Los sucesos llegaron tambiÃ©n a #ApplePodcast

ğŸ˜‰Dale click al enlace y comienza a seguirnos junto a @StefLuOl 

MaxTvOnline | #SucesosMaxTv ğŸ‘‡ https://t.co/pE6HBUERg7 #iTunes 

#Podcast #Informativo #Noticias #Apple #SucesosMaxTv"
278,"#ITUNES / #APPLE PEOPLE
CHECK OUT MY OLD (2011) EP IN NEW (2020) VERSION
A FOUR SHOTS OF THE TRACK ""HIPNOTIC NIGHT""

#PIANO INTRO
#ELECTRONICA MAIN THEME
#AGGRESIVE #ALTERNATIVE #ORCHESTRAL #SYNTH VERSION
AND
(A LITTLE) #FILM PRELUDE

STAY SAFE ğŸ•Šï¸ â˜®ï¸
TIMH
https://t.co/rFXvT2O04k"
279,"#Bedroom ğŸµ set to drop on 16th  and 20th on digital platform 
#Naija #BBnaija #music #SoroSokeGeneration #Musica #digitalart #Apple #tidal #Spotify #YouTube #MadeinLagos 

#American #USA21 #China #WorldCup  #MusicaNaBAND #London #WorldSmileDay #USA #UnitedStates https://t.co/O82jgGo0nM"
280,"#ITUNES / #APPLE PEOPLEğŸ

AN OLD (2005) EP IN NEW (2019), REFRESHED VERSION
IF YOU LIKE #DANCE #HOUSE #EUROBEAT #EDM #ENERGETIC #MUSIC - CHECK IT OUTâ¬‡ï¸
https://t.co/yPFtrJXwHc
TAKE CARE AND
#STAYSAFE ğŸ‘Š
PEACE â˜®ï¸
TIMH
#NewMusic #Energy #BlackettMusic #RTITBOT #LGTWO"
281,#Chips #intel #Apple https://t.co/Y4HmOxor4O
282,"ITUNES / APPLE PEOPLE

IF YOU NEED A KICK OF #ENERGY OR JUST WANT TO MOVE ON - CHECK OUT THIS SINGLE â¬‡ï¸
https://t.co/El2pYhq65Z
AND STILL
STAY SAFE AND HEALTHY
PEACE â˜®ï¸
TIMH
#music #itunes #electronic #Apple #dance #house #edm #rtitbot #energetic #newmusic #BlackettMusic #LGTWO"
283,"Speaking of #smashwords and getting your #ebooks from places other than Amazon, you can find Church of the Assassin for any e-reader on there (as well as #Apple, #barnesandnoble, Scribd, Vivlio, etc. etc.) and take advantage of regular #Sales.

https://t.co/932iF28sS9"
284,"Sea Walk (Remastered Version)

#Lounge #Chillout #Downtempo #Nature #Ambient #Electronica

by @trafficinmyhead

Listen on

Spotify https://t.co/99FGCiWdMp

Apple https://t.co/3Ate3qyhHr

Other platforms
https://t.co/OR9Z54taNh

More
https://t.co/NgLzdNJziT

#Spotify #Apple #Music"
285,"#ITUNES / #APPLE PEOPLE

IT'S TIME...
AFTER MIDNIGHT (REMASTERED)

AN #ELECTRONIC #DOWNTEMPO #LOUNGE #EMOTIONAL #RELAXATION (A LITTLE) #JAZZY #PEACEFUL TRACK IN 2020, REFRESHED VERSION
SO, IF YOU HAVE A 3:33 - CHECK IT OUT â¬‡ï¸
PEACE â˜®ï¸
TIMH
#BlackettMusic
https://t.co/IwXG2JHRde"
286,#Apple  bro Apple skin is sick go to learnkids YouTube channel and his roplay is cool https://t.co/RpasTTj1cv
287,"CDN (2019 Remastered Version)

#Emotional #Relaxing #Ambient #Chillout #DNB #Electronic MIX Album

Spotify https://t.co/4M0KPhmXPk

Apple https://t.co/YlRPb94j6e

&amp; others https://t.co/kyyuqe78ks

More 
https://t.co/NgLzdNJziT

#BlackettMusic #LGTWO #Spotify #Apple #Deezer #Tidal"
288,@RamisMorales @DiegoLoscalzo Si y por ejemplo #Apple  y #Amazon  deben tener una linda caja en cash y hay que ver cÃ³mo van a protejer esos usd contra inflaciÃ³n que se proyecta.
289,"One small step for (hu)mankind.
One Game at a Time Comic (OC)
Chapter 6, page 35

#drop7 #dropseven #numbers #numb3rs #ios #android #apple #chainfactor #chainreaction #mobilegaming #puzzlegames #videogames #comic #comix #webcomic #webcomix #ink #dailydrawing #blackandwhite https://t.co/cjhFd0V2YX"
290,Welcome to @SerenityRadioUK home to 100% #Health #Fitness &amp; #Wellbeing #Radio.... Download the Apps on #Google #Apple and #Alexa because we are listening to Serenity Movie Night by Craig Richardson visit https://t.co/5AIJ1zKpva
291,"New 12"" 256GB WiFi+Cell #Apple #iPad Pros for $1149 at #Amazon, That's $100 off. Free ship. https://t.co/7QQbbBISle"
292,"2020 11""  #Apple #iPad Pros for up to $150 off MSRP at #Amazon, free ship: https://t.co/mn9RQiEJRe"
293,@0r14n4013 @EspinalNazareth Que tiene que sea #Apple Hay mejores telefonos que le dan una paliza al iphone... Lo que iphone vende es su logotipo...
294,@ProgramaDelYuyu @jesacevedo ya empiezo a entender el sÃ­mbolo de la manzana mordida de #Apple ... con esto de la ausencia del cargador
295,C'est vachement secure le face id d' #Apple tu dors on te met ton tel devant la figure et il est dÃ©verrouillÃ© ! Comme Ã§a on y fouille gentiment dedans en toute sÃ©curitÃ©.
296,"Got some things in the works! Some of my favorite stuff Iâ€™ve ever written!
-
#new #music #single #electronic #songwriter #create #in #progress #spotify #itunes #apple #music #synthwave #synthpop https://t.co/aa5y6yo4qY"
297,Super Game Talk Video Alpha! https://t.co/BgG3tVzJQU! The #1 Indie Video Game Review Show hosted by puppets! Now on Roku: Smiley Crew TV. #indiegame #gamedev #indiedev #indievideogames #marketing #indiegames #videogames #apple #ios #steam #roku https://t.co/6DvgLGmSDO
298,@isa_marcial A #Apple  #iPhone  como que le falta unos tornillos... Vender una porqueria por 5000 dolares.. Estan locos?.. No cambio #android por nada.. Me lleve la desilucion al comprarme un iphone que lo unico que cambia sea la camara... Para mi no se lo recomiendo a nadie..
299,Le Point vous offre une montre connectÃ©e Apple Watch Series 3 ! #jeuconcours #apple #applewatch @LePoint https://t.co/fXyYcbVtB6
